<?xml version="1.0" encoding="UTF-8"?><nfeProc versao="4.00" xmlns="http://www.portalfiscal.inf.br/nfe"><NFe><?xml version="1.0" encoding="UTF-8"?> <NFe xmlns="http://www.portalfiscal.inf.br/nfe"><infNFe Id="NFe52250537650272000147650010000000151922363090" versao="4.00"><ide><cUF>52</cUF><cNF>92236309</cNF><natOp>VENDA DE MERC</natOp><mod>65</mod><serie>1</serie><nNF>15</nNF><dhEmi>2025-05-10T19:13:19-03:00</dhEmi><tpNF>1</tpNF><idDest>1</idDest><cMunFG>5208707</cMunFG><tpImp>4</tpImp><tpEmis>1</tpEmis><cDV>0</cDV><tpAmb>2</tpAmb><finNFe>1</finNFe><indFinal>1</indFinal><indPres>1</indPres><procEmi>0</procEmi><verProc>4.00</verProc></ide><emit><CNPJ>37650272000147</CNPJ><xNome>MADEIREIRA PORTAL DA AMAZONIA LTDA</xNome><xFant>MADEIREIRA PORTAL DA AMAZONIA LTDA</xFant><enderEmit><xLgr>Avenida Brasília</xLgr><nro>80</nro><xBairro>Centro</xBairro><cMun>5208707</cMun><xMun>Formosa</xMun><UF>GO</UF><CEP>73801310</CEP><cPais>1058</cPais><xPais>Brasil</xPais><fone>61999093363</fone></enderEmit><IE>102529167</IE><CRT>3</CRT></emit><dest><CPF>70925067199</CPF><xNome>NF-E EMITIDA EM AMBIENTE DE HOMOLOGACAO - SEM VALOR FISCAL</xNome><enderDest><xLgr>Rua Carlos Dias</xLgr><nro>0</nro><xBairro>Goiá 2 Complemento</xBairro><cMun>5208707</cMun><xMun>Goiânia</xMun><UF>GO</UF><CEP>74486215</CEP><cPais>1058</cPais><xPais>Brasil</xPais></enderDest><indIEDest>9</indIEDest></dest><det nItem="1"><prod><cProd>2</cProd><cEAN>SEM GTIN</cEAN><xProd>NOTA FISCAL EMITIDA EM AMBIENTE DE HOMOLOGACAO - SEM VALOR FISCAL</xProd><NCM>95059000</NCM><CFOP>5102</CFOP><uCom>UNID</uCom><qCom>2.0000</qCom><vUnCom>22.5000000000</vUnCom><vProd>45.00</vProd><cEANTrib>SEM GTIN</cEANTrib><uTrib>UNID</uTrib><qTrib>2.0000</qTrib><vUnTrib>22.5000000000</vUnTrib><indTot>1</indTot></prod><imposto><ICMS><ICMS00><orig>0</orig><CST>00</CST><modBC>3</modBC><vBC>45.00</vBC><pICMS>19.0000</pICMS><vICMS>8.55</vICMS></ICMS00></ICMS><PIS><PISAliq><CST>01</CST><vBC>45.00</vBC><pPIS>0.0000</pPIS><vPIS>0.00</vPIS></PISAliq></PIS><COFINS><COFINSAliq><CST>01</CST><vBC>45.00</vBC><pCOFINS>0.0000</pCOFINS><vCOFINS>0.00</vCOFINS></COFINSAliq></COFINS></imposto></det><total><ICMSTot><vBC>45.00</vBC><vICMS>8.55</vICMS><vICMSDeson>0.00</vICMSDeson><vFCP>0.00</vFCP><vBCST>0.00</vBCST><vST>0.00</vST><vFCPST>0.00</vFCPST><vFCPSTRet>0.00</vFCPSTRet><vProd>45.00</vProd><vFrete>0.00</vFrete><vSeg>0.00</vSeg><vDesc>0.00</vDesc><vII>0.00</vII><vIPI>0.00</vIPI><vIPIDevol>0.00</vIPIDevol><vPIS>0.00</vPIS><vCOFINS>0.00</vCOFINS><vOutro>0.00</vOutro><vNF>45.00</vNF></ICMSTot></total><transp><modFrete>9</modFrete></transp><pag><detPag><tPag>01</tPag><vPag>45.00</vPag></detPag></pag></infNFe></NFe> </NFe><?xml version='1.0' encoding='UTF-8'?><env:Envelope xmlns:env="http://www.w3.org/2003/05/soap-envelope"><env:Header/><env:Body><nfeResultMsg xmlns="http://www.portalfiscal.inf.br/nfe/wsdl/NFeAutorizacao4"><retEnviNFe versao="4.00" xmlns="http://www.portalfiscal.inf.br/nfe" xmlns:ns0="http://www.w3.org/2000/09/xmldsig#"><tpAmb>2</tpAmb><verAplic>GO4.0</verAplic><cStat>104</cStat><xMotivo>Lote processado</xMotivo><cUF>52</cUF><dhRecbto>2025-05-10T19:13:19-03:00</dhRecbto><protNFe versao="4.00"><infProt><tpAmb>2</tpAmb><verAplic>GO4.0</verAplic><chNFe>52250537650272000147650010000000151922363090</chNFe><dhRecbto>2025-05-10T19:13:19-03:00</dhRecbto><nProt>152250025952054</nProt><digVal>v2UhCOZJY7GKZJBZi2TWH+pHo3Q=</digVal><cStat>100</cStat><xMotivo>Autorizado o uso da NF-e</xMotivo></infProt></protNFe></retEnviNFe></nfeResultMsg></env:Body></env:Envelope></nfeProc>