<?xml version="1.0" encoding="UTF-8"?><nfeProc versao="4.00" xmlns="http://www.portalfiscal.inf.br/nfe"><NFe><?xml version="1.0" encoding="UTF-8"?> <NFe xmlns="http://www.portalfiscal.inf.br/nfe"><infNFe Id="NFe52250537650272000147650010000000031836358155" versao="4.00"><ide><cUF>52</cUF><cNF>83635815</cNF><natOp>Venda de mercadoria</natOp><mod>65</mod><serie>1</serie><nNF>3</nNF><dhEmi>2025-05-06T18:20:18-03:00</dhEmi><tpNF>1</tpNF><idDest>1</idDest><cMunFG>5208707</cMunFG><tpImp>4</tpImp><tpEmis>1</tpEmis><cDV>5</cDV><tpAmb>2</tpAmb><finNFe>1</finNFe><indFinal>1</indFinal><indPres>1</indPres><procEmi>0</procEmi><verProc>4.00</verProc></ide><emit><CNPJ>37650272000147</CNPJ><xNome>MADEIREIRA PORTAL DA AMAZONIALtda</xNome><xFant>MADEIREIRA PORTAL DA AMAZONIALtda</xFant><enderEmit><xLgr>Avenida Brasília</xLgr><nro>80</nro><xBairro>Centro</xBairro><cMun>5208707</cMun><xMun>Formosa</xMun><UF>GO</UF><CEP>73801310</CEP><cPais>1058</cPais><xPais>Brasil</xPais><fone>61999093363</fone></enderEmit><IE>102529167</IE><CRT>1</CRT></emit><dest><CPF>04869382121</CPF><xNome>NF-E EMITIDA EM AMBIENTE DE HOMOLOGACAO - SEM VALOR FISCAL</xNome><enderDest><xLgr>Rua Carlos Dias</xLgr><nro>0</nro><xBairro>Goiá 2 Complemento</xBairro><cMun>5208707</cMun><xMun>Goiânia</xMun><UF>GO</UF><CEP>74486215</CEP><cPais>1058</cPais><xPais>Brasil</xPais><fone>62981675024</fone></enderDest><indIEDest>9</indIEDest></dest><det nItem="1"><prod><cProd>1</cProd><cEAN>SEM GTIN</cEAN><xProd>NOTA FISCAL EMITIDA EM AMBIENTE DE HOMOLOGACAO - SEM VALOR FISCAL</xProd><NCM>96089989</NCM><CFOP>5102</CFOP><uCom>UN</uCom><qCom>2.0000</qCom><vUnCom>20.0000000000</vUnCom><vProd>40.00</vProd><cEANTrib>SEM GTIN</cEANTrib><uTrib>UN</uTrib><qTrib>2.0000</qTrib><vUnTrib>20.0000000000</vUnTrib><indTot>1</indTot></prod><imposto><ICMS><ICMSSN102><orig>0</orig><CSOSN>102</CSOSN></ICMSSN102></ICMS><PIS><PISNT><CST>07</CST></PISNT></PIS><COFINS><COFINSNT><CST>07</CST></COFINSNT></COFINS></imposto></det><total><ICMSTot><vBC>0.00</vBC><vICMS>0.00</vICMS><vICMSDeson>0.00</vICMSDeson><vFCP>0.00</vFCP><vBCST>0.00</vBCST><vST>0.00</vST><vFCPST>0.00</vFCPST><vFCPSTRet>0.00</vFCPSTRet><vProd>40.00</vProd><vFrete>0.00</vFrete><vSeg>0.00</vSeg><vDesc>0.00</vDesc><vII>0.00</vII><vIPI>0.00</vIPI><vIPIDevol>0.00</vIPIDevol><vPIS>0.00</vPIS><vCOFINS>0.00</vCOFINS><vOutro>0.00</vOutro><vNF>40.00</vNF></ICMSTot></total><transp><modFrete>9</modFrete></transp><pag><detPag><tPag>01</tPag><vPag>40.00</vPag></detPag></pag></infNFe></NFe> </NFe><?xml version='1.0' encoding='UTF-8'?><env:Envelope xmlns:env="http://www.w3.org/2003/05/soap-envelope"><env:Header/><env:Body><nfeResultMsg xmlns="http://www.portalfiscal.inf.br/nfe/wsdl/NFeAutorizacao4"><retEnviNFe versao="4.00" xmlns="http://www.portalfiscal.inf.br/nfe" xmlns:ns0="http://www.w3.org/2000/09/xmldsig#"><tpAmb>2</tpAmb><verAplic>GO4.0</verAplic><cStat>104</cStat><xMotivo>Lote processado</xMotivo><cUF>52</cUF><dhRecbto>2025-05-06T18:20:20-03:00</dhRecbto><protNFe versao="4.00"><infProt><tpAmb>2</tpAmb><verAplic>GO4.0</verAplic><chNFe>52250537650272000147650010000000031836358155</chNFe><dhRecbto>2025-05-06T18:20:20-03:00</dhRecbto><nProt>152250025948443</nProt><digVal>9UH88RF7KFuCkOYhBuhCs0+tGew=</digVal><cStat>100</cStat><xMotivo>Autorizado o uso da NF-e</xMotivo></infProt></protNFe></retEnviNFe></nfeResultMsg></env:Body></env:Envelope></nfeProc>